applicationReference;isFraud
100;True
10007;True
10008;True
10010;True
10027;True
10029;True
10041;True
10048;True
10053;True
10056;True
10057;True
10060;True
10061;True
10062;True
10069;True
10072;True
10074;True
10076;True
1008;True
10082;True
10088;True
10089;True
10098;True
10099;True
10102;True
10106;True
10109;True
10118;True
10123;True
10130;True
10134;True
10141;True
10149;True
10152;True
10169;True
10175;True
10176;True
10181;True
10184;True
10188;True
10191;True
10192;True
10193;True
10199;True
102;True
10202;True
10205;True
10211;True
10212;True
10215;True
10218;True
1022;True
10220;True
10225;True
10229;True
10233;True
10235;True
10248;True
1025;True
10255;True
10256;True
1026;True
10263;True
10265;True
10267;True
10274;True
10288;True
10298;True
10299;True
103;True
10305;True
10308;True
10310;True
10326;True
10329;True
10333;True
10334;True
10348;True
10356;True
10357;True
1036;True
10360;True
10364;True
10369;True
10372;True
1038;True
10382;True
10386;True
10390;True
10394;True
10395;True
10399;True
10402;True
10406;True
10410;True
10414;True
10423;True
10427;True
10429;True
10431;True
10435;True
10436;True
10437;True
10438;True
10446;True
10450;True
10460;True
10463;True
10467;True
10469;True
1047;True
10470;True
10481;True
10488;True
10495;True
10499;True
10503;True
10505;True
10508;True
10522;True
10537;True
10540;True
10541;True
10546;True
10549;True
10558;True
10567;True
10569;True
10573;True
10574;True
10578;True
10579;True
10581;True
10587;True
1060;True
10608;True
10610;True
10615;True
10634;True
10641;True
10646;True
10649;True
10655;True
10658;True
10669;True
10675;True
10678;True
10683;True
10684;True
10687;True
10688;True
10690;True
10694;True
10697;True
10698;True
10704;True
10705;True
10712;True
10713;True
10721;True
10722;True
10725;True
1073;True
10730;True
10734;True
1074;True
10743;True
10744;True
10759;True
1076;True
10769;True
10772;True
10778;True
10789;True
1080;True
10805;True
10806;True
10813;True
10824;True
10838;True
10842;True
10865;True
10871;True
10880;True
10886;True
10887;True
10889;True
10892;True
10893;True
10896;True
10898;True
109;True
10902;True
10922;True
10951;True
10952;True
10954;True
10959;True
10970;True
10974;True
10976;True
10977;True
10978;True
10979;True
10982;True
10989;True
10990;True
10993;True
10994;True
10996;True
11001;True
11004;True
11005;True
11007;True
11011;True
11017;True
11020;True
11043;True
11044;True
11048;True
1105;True
11070;True
11071;True
11074;True
11080;True
11083;True
11092;True
11103;True
11105;True
11106;True
11119;True
11121;True
11122;True
11133;True
11141;True
11142;True
11148;True
11149;True
1115;True
11150;True
11160;True
11179;True
11182;True
11186;True
11193;True
11194;True
11195;True
11196;True
11197;True
11199;True
11201;True
11207;True
11208;True
11209;True
1121;True
11212;True
11215;True
11222;True
11225;True
11230;True
11231;True
11234;True
11238;True
11244;True
11245;True
11248;True
11249;True
11251;True
11252;True
11256;True
11258;True
11263;True
11266;True
1127;True
11274;True
1128;True
11284;True
11285;True
1129;True
11291;True
11292;True
11294;True
11295;True
11298;True
113;True
11309;True
11311;True
11312;True
11313;True
11316;True
11318;True
1132;True
11322;True
11324;True
11329;True
1133;True
11334;True
11335;True
11336;True
11339;True
11340;True
11341;True
11342;True
11351;True
11355;True
11359;True
11362;True
11363;True
11364;True
11365;True
11369;True
11371;True
11373;True
11381;True
11382;True
11388;True
11390;True
11394;True
11397;True
11398;True
11401;True
11405;True
11411;True
11421;True
11424;True
11426;True
11431;True
11438;True
11439;True
1144;True
11448;True
11452;True
11455;True
11456;True
11461;True
11466;True
11473;True
1148;True
11481;True
11485;True
11499;True
11502;True
11503;True
11504;True
11505;True
11510;True
11518;True
11519;True
11533;True
11540;True
11544;True
11545;True
11552;True
11558;True
11575;True
11576;True
11578;True
11580;True
11581;True
11588;True
1159;True
11595;True
11601;True
11606;True
1161;True
11617;True
11618;True
11629;True
11630;True
11638;True
1164;True
11640;True
11642;True
11651;True
11652;True
11654;True
11681;True
11690;True
11697;True
11709;True
11719;True
1172;True
11720;True
11721;True
11725;True
11727;True
1173;True
11735;True
11736;True
1174;True
11752;True
11756;True
11758;True
11763;True
11768;True
11771;True
11801;True
11805;True
11807;True
11812;True
11818;True
11819;True
11820;True
11822;True
11827;True
11830;True
11835;True
11849;True
11865;True
11866;True
11868;True
11879;True
11883;True
1189;True
11892;True
11893;True
11897;True
11903;True
11904;True
11911;True
11912;True
11917;True
11925;True
11929;True
11930;True
11936;True
11939;True
11943;True
11944;True
11954;True
11959;True
11961;True
11984;True
11991;True
11996;True
11997;True
11999;True
120;True
12009;True
12017;True
12025;True
12034;True
12046;True
12047;True
12048;True
12051;True
12053;True
12054;True
12063;True
12066;True
12068;True
12070;True
12073;True
12075;True
12081;True
12082;True
12085;True
12094;True
12111;True
12113;True
12116;True
12123;True
12138;True
1216;True
12203;True
12245;True
12255;True
12258;True
1226;True
1228;True
12284;True
12297;True
12299;True
1230;True
12305;True
12310;True
12311;True
12317;True
12325;True
12331;True
12334;True
12342;True
12346;True
12353;True
12398;True
12400;True
12407;True
12410;True
12413;True
12427;True
12429;True
12434;True
12442;True
12443;True
12478;True
12481;True
12486;True
1250;True
12505;True
1253;True
12537;True
12541;True
12550;True
12551;True
12555;True
12557;True
12563;True
12565;True
12570;True
12573;True
12589;True
12592;True
12593;True
1260;True
12600;True
12606;True
12607;True
12610;True
12612;True
12619;True
12625;True
1264;True
12647;True
12651;True
12679;True
12686;True
12697;True
1270;True
12703;True
1271;True
12722;True
12739;True
12743;True
12753;True
12755;True
12758;True
1276;True
12761;True
12767;True
12768;True
12773;True
12775;True
12782;True
12783;True
12788;True
12792;True
12797;True
12799;True
1281;True
12839;True
12840;True
12843;True
12848;True
12859;True
12862;True
12874;True
12899;True
12915;True
12930;True
12935;True
12945;True
12952;True
12956;True
12958;True
12962;True
12979;True
12985;True
12987;True
12988;True
13007;True
1303;True
13040;True
13042;True
13044;True
13047;True
1305;True
13053;True
13055;True
13062;True
13068;True
13073;True
13075;True
13083;True
13090;True
13092;True
13096;True
13099;True
13107;True
13112;True
13113;True
13118;True
13125;True
13127;True
13134;True
13142;True
13145;True
13147;True
13152;True
13157;True
13162;True
13170;True
13171;True
13175;True
13176;True
13179;True
13184;True
13208;True
13210;True
13213;True
13217;True
13221;True
13224;True
13230;True
13232;True
13235;True
13237;True
13240;True
13242;True
13243;True
1325;True
13261;True
1327;True
13270;True
13276;True
13278;True
13279;True
13281;True
13282;True
13285;True
13297;True
13302;True
13303;True
13313;True
13314;True
13320;True
13325;True
13327;True
13328;True
13330;True
13344;True
1335;True
13354;True
13355;True
1336;True
13368;True
1338;True
13381;True
13393;True
13394;True
13403;True
13406;True
13411;True
13414;True
13415;True
13416;True
13426;True
13434;True
13437;True
13442;True
13451;True
13467;True
1347;True
13477;True
13480;True
13482;True
13488;True
13502;True
13512;True
13516;True
13517;True
1352;True
13534;True
13536;True
13545;True
13546;True
13550;True
13553;True
13559;True
13570;True
13594;True
13613;True
13619;True
13626;True
13627;True
13630;True
13632;True
13636;True
13639;True
13642;True
13644;True
13648;True
13649;True
13655;True
13676;True
13692;True
13694;True
13696;True
13698;True
137;True
13706;True
1372;True
13722;True
13732;True
13734;True
13737;True
1374;True
13757;True
13770;True
13773;True
13799;True
13805;True
13806;True
13811;True
13813;True
13815;True
13818;True
1382;True
13829;True
13834;True
13838;True
1386;True
13877;True
13886;True
13887;True
13914;True
13929;True
1393;True
13940;True
13954;True
13977;True
13985;True
1399;True
13993;True
13999;True
14004;True
14009;True
14011;True
14016;True
14024;True
14026;True
14027;True
14034;True
14047;True
14049;True
14055;True
14057;True
14058;True
14069;True
14079;True
14081;True
14096;True
14098;True
14112;True
14113;True
14116;True
14117;True
14122;True
14123;True
14129;True
14132;True
14142;True
14145;True
1416;True
14169;True
14170;True
14172;True
14177;True
14182;True
14191;True
14195;True
142;True
14202;True
14205;True
14224;True
14235;True
14240;True
14252;True
14257;True
14260;True
14270;True
14274;True
14276;True
14279;True
14283;True
14284;True
1429;True
14295;True
143;True
14300;True
14304;True
14311;True
14312;True
1433;True
14331;True
14333;True
14353;True
14365;True
14366;True
14367;True
14368;True
14385;True
1439;True
14390;True
14394;True
14408;True
14418;True
14425;True
14427;True
14431;True
14432;True
14436;True
14440;True
14442;True
14453;True
1447;True
14475;True
14480;True
14481;True
14487;True
14490;True
14493;True
14496;True
14512;True
14516;True
14518;True
14525;True
14538;True
14542;True
14552;True
14558;True
14559;True
14566;True
14584;True
14586;True
1459;True
14596;True
14597;True
14600;True
14618;True
14620;True
14626;True
14629;True
14630;True
14638;True
14650;True
14653;True
14656;True
14658;True
1466;True
14666;True
14668;True
14671;True
14674;True
14676;True
14680;True
14681;True
14682;True
14687;True
14690;True
14691;True
14696;True
14699;True
1470;True
14700;True
14714;True
14722;True
14724;True
14737;True
14740;True
14756;True
14768;True
14788;True
14795;True
14796;True
14820;True
14821;True
14826;True
1484;True
14844;True
14849;True
14852;True
14853;True
14861;True
14865;True
14866;True
14867;True
14872;True
14875;True
14880;True
14881;True
14884;True
14887;True
14893;True
14894;True
149;True
14903;True
14904;True
14905;True
14908;True
14909;True
14912;True
14914;True
14917;True
14919;True
14923;True
14925;True
14926;True
14931;True
14933;True
14934;True
14944;True
14946;True
14947;True
14949;True
14955;True
14958;True
14961;True
14966;True
14980;True
14981;True
14991;True
14996;True
150;True
15009;True
15012;True
15021;True
15031;True
1504;True
15041;True
15045;True
15046;True
15050;True
15059;True
15061;True
15075;True
15092;True
15114;True
15117;True
15119;True
15121;True
15131;True
15142;True
1515;True
15150;True
15155;True
1516;True
15163;True
15165;True
15168;True
15175;True
15176;True
15179;True
15187;True
15195;True
15199;True
15217;True
15234;True
1525;True
15253;True
15266;True
15276;True
15279;True
15286;True
15292;True
15293;True
15296;True
15298;True
15300;True
15304;True
15306;True
15307;True
15308;True
15313;True
15317;True
15327;True
15333;True
15354;True
15369;True
15375;True
15387;True
15398;True
15400;True
15411;True
15415;True
15420;True
15434;True
15445;True
15448;True
1545;True
15455;True
1546;True
15462;True
15466;True
15470;True
15475;True
15478;True
15496;True
15503;True
15507;True
15511;True
15519;True
1552;True
15521;True
15524;True
15531;True
15535;True
15543;True
15547;True
15548;True
15551;True
15567;True
15568;True
15569;True
15571;True
15573;True
15575;True
15577;True
15581;True
15583;True
15586;True
15589;True
15593;True
15594;True
15595;True
156;True
15602;True
15606;True
15609;True
15610;True
15611;True
15613;True
15615;True
15618;True
15620;True
15624;True
15629;True
15632;True
1566;True
1567;True
15674;True
15678;True
15683;True
15687;True
15690;True
15694;True
15710;True
15712;True
15720;True
15721;True
15723;True
15726;True
15741;True
15745;True
1575;True
15752;True
15753;True
15755;True
15758;True
1577;True
15776;True
15783;True
15784;True
15787;True
15792;True
15822;True
15829;True
15832;True
15833;True
15838;True
15840;True
15843;True
15845;True
1585;True
15854;True
15859;True
15864;True
15866;True
15873;True
15875;True
15878;True
15879;True
15880;True
15881;True
15883;True
15892;True
15901;True
15904;True
15905;True
15907;True
15908;True
15910;True
15913;True
15943;True
15952;True
15957;True
15966;True
15971;True
15975;True
15979;True
15989;True
15990;True
15994;True
15996;True
16008;True
1601;True
16010;True
16011;True
16015;True
16025;True
16043;True
16048;True
16049;True
16050;True
16051;True
1606;True
16061;True
16068;True
16072;True
16074;True
16080;True
16081;True
16082;True
16088;True
16091;True
16092;True
16093;True
16096;True
16100;True
16101;True
16104;True
16112;True
16120;True
16123;True
16133;True
16134;True
16142;True
16144;True
16148;True
16155;True
16156;True
16161;True
16169;True
16173;True
16175;True
16176;True
16182;True
16189;True
16190;True
16200;True
16203;True
16205;True
16216;True
16219;True
16225;True
16228;True
16230;True
16232;True
16235;True
16240;True
16245;True
16258;True
16259;True
16270;True
16283;True
16284;True
16287;True
16296;True
16301;True
16305;True
16307;True
16308;True
1631;True
16312;True
16317;True
16318;True
16329;True
16331;True
16339;True
1634;True
16340;True
16342;True
16347;True
16348;True
16368;True
16373;True
16376;True
16385;True
16388;True
16400;True
16403;True
16407;True
16408;True
16409;True
16417;True
16446;True
16448;True
1645;True
16451;True
16452;True
16460;True
16487;True
165;True
16503;True
16511;True
16522;True
16528;True
16529;True
16538;True
16539;True
16540;True
16545;True
16550;True
16561;True
16563;True
16578;True
16580;True
16593;True
16596;True
16605;True
16609;True
16610;True
16611;True
16616;True
16622;True
16628;True
16631;True
16642;True
16660;True
16661;True
16669;True
16672;True
16673;True
1668;True
16696;True
16698;True
16714;True
16717;True
16719;True
16725;True
16727;True
16739;True
16746;True
16747;True
16758;True
16767;True
16778;True
16783;True
16788;True
16793;True
16800;True
16802;True
16803;True
16804;True
16821;True
16823;True
1683;True
16834;True
16836;True
16852;True
16853;True
16859;True
16872;True
16874;True
16889;True
16894;True
16908;True
16911;True
16912;True
16914;True
16915;True
16925;True
16927;True
16932;True
16935;True
16942;True
16944;True
16948;True
1695;True
16950;True
16951;True
16953;True
16954;True
16959;True
16961;True
16967;True
1697;True
16970;True
16974;True
16982;True
16988;True
16993;True
16994;True
16999;True
17002;True
17006;True
17010;True
17023;True
17025;True
17027;True
17028;True
17033;True
17035;True
17050;True
17053;True
17058;True
17060;True
17069;True
17077;True
17079;True
17097;True
17100;True
17104;True
17110;True
17116;True
17118;True
17121;True
17125;True
17126;True
17136;True
17137;True
17142;True
17147;True
17148;True
17152;True
17153;True
17158;True
17160;True
17168;True
17173;True
17174;True
17177;True
17178;True
17179;True
17193;True
17194;True
17195;True
17199;True
172;True
17201;True
1721;True
17210;True
17220;True
17224;True
17226;True
1723;True
17230;True
17235;True
17244;True
17248;True
17255;True
17256;True
17257;True
17261;True
17265;True
17266;True
17268;True
17269;True
17272;True
17273;True
17276;True
17281;True
17284;True
17285;True
17296;True
17297;True
17309;True
17316;True
17317;True
17319;True
1732;True
17320;True
17323;True
17324;True
17327;True
17329;True
17330;True
17336;True
17343;True
17344;True
17350;True
17354;True
17360;True
17373;True
17381;True
17386;True
17391;True
17396;True
17406;True
17410;True
17413;True
17416;True
17428;True
17429;True
17434;True
17440;True
17449;True
17453;True
17455;True
17460;True
17463;True
17466;True
1747;True
17477;True
17484;True
17485;True
17487;True
17491;True
17492;True
17493;True
17497;True
17500;True
17512;True
17519;True
17521;True
17538;True
17558;True
17561;True
17570;True
17571;True
17574;True
17579;True
17584;True
17585;True
17586;True
17592;True
17596;True
17610;True
17620;True
17622;True
17623;True
17630;True
17632;True
17635;True
17639;True
17641;True
17642;True
17644;True
17648;True
17658;True
17665;True
17670;True
17674;True
17677;True
1768;True
17682;True
17685;True
17705;True
17706;True
17708;True
17709;True
17712;True
17722;True
17723;True
17725;True
17732;True
17733;True
17742;True
17743;True
17759;True
1776;True
17772;True
17774;True
17783;True
17792;True
17794;True
17796;True
17797;True
17809;True
17814;True
17817;True
17821;True
17823;True
17826;True
17835;True
17838;True
17842;True
17847;True
17848;True
1786;True
17861;True
17862;True
17863;True
17868;True
17888;True
17896;True
17900;True
17907;True
17908;True
17917;True
17918;True
17926;True
17929;True
17930;True
1794;True
17940;True
17944;True
17945;True
17953;True
1796;True
17960;True
17961;True
17965;True
17980;True
17981;True
17984;True
17986;True
17990;True
17993;True
18006;True
18008;True
18010;True
18013;True
18017;True
1802;True
18021;True
1803;True
18032;True
18035;True
18048;True
1805;True
18055;True
18068;True
1807;True
18074;True
18075;True
1809;True
18098;True
18100;True
18101;True
18109;True
1811;True
18111;True
18120;True
18123;True
18124;True
18125;True
18140;True
18156;True
18164;True
18168;True
18169;True
1818;True
18193;True
18195;True
18207;True
18208;True
18212;True
18218;True
18227;True
18239;True
18244;True
18246;True
1825;True
18262;True
18273;True
18275;True
1828;True
18281;True
18286;True
1829;True
1830;True
18314;True
18317;True
18319;True
18331;True
18333;True
18348;True
1835;True
18364;True
18366;True
18378;True
18380;True
18382;True
18385;True
1839;True
18393;True
18398;True
18399;True
18406;True
18415;True
18429;True
18436;True
18445;True
18451;True
18453;True
18469;True
18470;True
18471;True
18479;True
18484;True
18487;True
1849;True
18491;True
18493;True
1850;True
1851;True
18527;True
1853;True
18543;True
18553;True
18559;True
18569;True
1857;True
1858;True
18591;True
18594;True
18598;True
18608;True
18610;True
1862;True
18630;True
18631;True
18644;True
18656;True
18688;True
18708;True
18709;True
1871;True
18723;True
1875;True
18750;True
18760;True
1877;True
18775;True
18793;True
18794;True
18806;True
18813;True
18817;True
18818;True
1883;True
18836;True
1884;True
18850;True
18854;True
1886;True
18864;True
18869;True
18870;True
18871;True
1889;True
18893;True
18905;True
18907;True
18908;True
18910;True
18911;True
18920;True
18925;True
18926;True
18935;True
18936;True
18938;True
18942;True
18955;True
18972;True
18982;True
1899;True
18993;True
18994;True
18996;True
19016;True
19025;True
19029;True
19032;True
19038;True
19040;True
19050;True
19057;True
19061;True
19062;True
19063;True
19090;True
19107;True
19109;True
19111;True
19113;True
19126;True
19127;True
19134;True
19137;True
19139;True
1914;True
19143;True
19152;True
19155;True
19171;True
19202;True
19210;True
19215;True
19220;True
19222;True
19224;True
19231;True
19237;True
19248;True
1925;True
1926;True
19267;True
19281;True
19282;True
19293;True
19294;True
19297;True
19300;True
19305;True
1932;True
19321;True
19324;True
19332;True
19334;True
19335;True
19339;True
1934;True
19343;True
19346;True
19355;True
19356;True
19361;True
19363;True
19364;True
19366;True
19377;True
19393;True
19396;True
19399;True
19409;True
19416;True
19418;True
19419;True
1944;True
19442;True
19443;True
19455;True
19459;True
19465;True
1948;True
19508;True
19511;True
19515;True
19518;True
19527;True
1953;True
19536;True
19539;True
1954;True
19542;True
19548;True
19550;True
19567;True
19569;True
19576;True
1958;True
19590;True
19595;True
1961;True
1967;True
19684;True
19686;True
19694;True
19706;True
19713;True
19716;True
19718;True
19720;True
19723;True
19725;True
19732;True
19735;True
19750;True
19759;True
19764;True
19780;True
1979;True
19791;True
19792;True
19797;True
19799;True
198;True
19800;True
19814;True
19822;True
19825;True
19832;True
19834;True
19836;True
19843;True
19855;True
1987;True
19877;True
19886;True
19891;True
19892;True
19902;True
19906;True
19944;True
19954;True
19959;True
19963;True
19965;True
19968;True
19974;True
19978;True
1998;True
19981;True
20;True
20009;True
20011;True
20014;True
2004;True
20043;True
20049;True
2005;True
20050;True
20060;True
20061;True
20063;True
2008;True
20105;True
20111;True
20112;True
20118;True
20138;True
20143;True
20162;True
20163;True
20173;True
20182;True
20183;True
20184;True
20188;True
20193;True
202;True
20204;True
20205;True
20215;True
20218;True
2022;True
20223;True
20228;True
20230;True
20232;True
20235;True
20238;True
20250;True
20258;True
20290;True
20291;True
20292;True
20293;True
20294;True
20295;True
20296;True
20300;True
20313;True
2033;True
20330;True
20335;True
20339;True
20340;True
20351;True
20355;True
20359;True
20370;True
20371;True
20379;True
20382;True
20409;True
2041;True
2042;True
20438;True
20439;True
20440;True
20445;True
20446;True
20453;True
20459;True
20465;True
20469;True
20493;True
2050;True
20501;True
20526;True
20527;True
20532;True
20536;True
20546;True
20554;True
20556;True
20558;True
20559;True
20562;True
20563;True
20564;True
20570;True
2058;True
20590;True
20594;True
2061;True
20618;True
20620;True
20621;True
2063;True
20641;True
20646;True
20649;True
20667;True
20683;True
20685;True
2070;True
20707;True
20710;True
2073;True
20730;True
20736;True
20739;True
20743;True
20760;True
20771;True
20779;True
2078;True
20799;True
20807;True
20812;True
20817;True
2083;True
20838;True
2086;True
20862;True
20864;True
20875;True
20889;True
2089;True
20903;True
20904;True
20909;True
20910;True
2093;True
20930;True
20938;True
20939;True
20943;True
20946;True
20948;True
20956;True
20958;True
2096;True
20963;True
20966;True
2097;True
20980;True
20985;True
20990;True
21007;True
2101;True
21013;True
21025;True
21029;True
21032;True
21059;True
21069;True
2107;True
21071;True
21077;True
21079;True
21081;True
21083;True
21084;True
21085;True
21098;True
21111;True
21118;True
21126;True
21127;True
21131;True
21134;True
21138;True
21143;True
21148;True
21150;True
21156;True
21159;True
21161;True
21163;True
21165;True
21177;True
21186;True
21189;True
2119;True
21207;True
21217;True
21229;True
2123;True
21238;True
21242;True
21245;True
21260;True
21263;True
21267;True
21268;True
2127;True
21270;True
21274;True
21284;True
21288;True
21292;True
21295;True
21308;True
21312;True
21319;True
21322;True
21323;True
21324;True
21331;True
21343;True
21355;True
21358;True
21359;True
21361;True
21375;True
21379;True
21382;True
21384;True
21386;True
21387;True
21389;True
21392;True
214;True
21411;True
21427;True
2143;True
21435;True
21436;True
2145;True
21458;True
21466;True
21474;True
21478;True
21481;True
21483;True
21484;True
21488;True
21499;True
2150;True
21510;True
21511;True
21513;True
21525;True
21532;True
21533;True
21535;True
21551;True
2156;True
21565;True
21567;True
21569;True
2157;True
2158;True
21583;True
21584;True
21590;True
21592;True
21595;True
21598;True
2160;True
21604;True
21610;True
21615;True
21617;True
21638;True
21640;True
21646;True
21648;True
21649;True
21658;True
21663;True
21668;True
21671;True
21673;True
21679;True
21687;True
21688;True
21689;True
2169;True
21694;True
21729;True
21730;True
21740;True
21755;True
21761;True
21763;True
21766;True
21780;True
2179;True
21794;True
21798;True
21804;True
21805;True
21815;True
21832;True
21834;True
21838;True
21845;True
21850;True
21860;True
21866;True
21870;True
21871;True
21879;True
21903;True
21921;True
2193;True
21944;True
2196;True
2198;True
22;True
2201;True
2202;True
22031;True
22039;True
2205;True
22054;True
2207;True
22093;True
22096;True
22105;True
22113;True
22117;True
22120;True
22127;True
2213;True
22138;True
22141;True
22163;True
22183;True
2220;True
22202;True
22205;True
22209;True
22236;True
22237;True
2224;True
22242;True
2225;True
22251;True
22255;True
2226;True
22265;True
22275;True
2228;True
22296;True
2230;True
22301;True
22303;True
22309;True
22318;True
22319;True
22325;True
22329;True
2233;True
22330;True
22334;True
22344;True
22348;True
22351;True
22352;True
22358;True
22360;True
22370;True
22371;True
22385;True
22386;True
22390;True
22393;True
22395;True
22396;True
22404;True
22406;True
22409;True
22413;True
22418;True
22419;True
22425;True
22428;True
22429;True
22432;True
2244;True
22449;True
22457;True
22471;True
22486;True
22501;True
22517;True
22527;True
22545;True
22551;True
22566;True
22570;True
22582;True
22584;True
22586;True
22590;True
22592;True
22603;True
22639;True
22645;True
22646;True
22647;True
22662;True
22665;True
22666;True
2268;True
22696;True
227;True
22700;True
22705;True
2273;True
22735;True
2274;True
22742;True
22751;True
22755;True
22758;True
22766;True
22767;True
2277;True
22772;True
22774;True
22775;True
22781;True
22793;True
22795;True
22841;True
22851;True
22853;True
22866;True
22872;True
22874;True
22876;True
22901;True
22904;True
22916;True
22917;True
22919;True
22920;True
22925;True
22932;True
22936;True
22939;True
22952;True
22955;True
22957;True
2296;True
22965;True
22967;True
22971;True
22973;True
22975;True
22985;True
22990;True
23;True
23007;True
23013;True
23015;True
23019;True
23020;True
23033;True
23042;True
23056;True
23060;True
23065;True
23069;True
23070;True
23071;True
23072;True
23073;True
23086;True
23089;True
23093;True
23101;True
23104;True
23114;True
2312;True
23122;True
2313;True
23130;True
23131;True
23134;True
23139;True
23143;True
23147;True
2315;True
23151;True
23182;True
23188;True
23192;True
23201;True
23219;True
23229;True
23256;True
23266;True
23267;True
23280;True
23285;True
23288;True
23300;True
23311;True
23327;True
23329;True
23333;True
23346;True
23347;True
23357;True
23358;True
23370;True
23379;True
23384;True
23387;True
23437;True
2344;True
23465;True
2347;True
23473;True
23484;True
23487;True
23500;True
23503;True
23516;True
23517;True
23525;True
23531;True
23534;True
23535;True
23538;True
23547;True
23557;True
23573;True
23586;True
23605;True
2361;True
23613;True
23636;True
23639;True
23642;True
23644;True
23656;True
23660;True
23674;True
23715;True
23718;True
23736;True
2374;True
23740;True
23791;True
23798;True
23857;True
23860;True
23864;True
23892;True
23893;True
23895;True
23904;True
23915;True
23921;True
23924;True
23936;True
23943;True
23967;True
23976;True
23978;True
23980;True
23984;True
23991;True
240;True
24012;True
2402;True
24023;True
24039;True
24040;True
24052;True
24053;True
24056;True
24057;True
24059;True
24070;True
24071;True
24084;True
24086;True
24090;True
24091;True
24094;True
24100;True
24104;True
24110;True
24115;True
24121;True
24152;True
24162;True
24168;True
24182;True
24200;True
24202;True
24204;True
24206;True
24211;True
24217;True
24219;True
24222;True
24228;True
24230;True
24231;True
24232;True
24240;True
24242;True
24244;True
24246;True
24248;True
24270;True
24276;True
24284;True
24287;True
24293;True
24294;True
24307;True
24310;True
24311;True
24314;True
24315;True
24316;True
24318;True
24330;True
24331;True
24335;True
24339;True
2435;True
24351;True
24353;True
2436;True
24363;True
24364;True
24368;True
2437;True
24378;True
24389;True
2440;True
24400;True
24410;True
24425;True
24437;True
24462;True
24464;True
24465;True
24478;True
24482;True
24489;True
24503;True
24514;True
24527;True
24529;True
24532;True
2455;True
24556;True
24562;True
24563;True
2457;True
24579;True
24586;True
24589;True
24601;True
24602;True
24614;True
24625;True
24631;True
24637;True
2464;True
2468;True
24685;True
24700;True
24712;True
24717;True
24721;True
24731;True
24732;True
24733;True
24734;True
24735;True
2474;True
24742;True
24751;True
24753;True
24763;True
24765;True
24768;True
24772;True
24774;True
24776;True
24777;True
24783;True
2479;True
24794;True
2480;True
24801;True
24804;True
24806;True
24807;True
24809;True
2481;True
24811;True
24815;True
24816;True
24821;True
24853;True
24854;True
24862;True
24888;True
24893;True
24894;True
24896;True
24902;True
24907;True
24910;True
24913;True
24914;True
2492;True
24926;True
24937;True
24949;True
2495;True
24957;True
24963;True
24994;True
25004;True
25005;True
25006;True
25008;True
25023;True
25069;True
25073;True
2509;True
2510;True
2511;True
25117;True
25120;True
25125;True
25131;True
25132;True
25134;True
25140;True
25144;True
25153;True
2516;True
25166;True
25169;True
25174;True
25179;True
2518;True
25186;True
2520;True
25201;True
25204;True
25205;True
25206;True
25222;True
25234;True
25236;True
25237;True
25258;True
25260;True
25268;True
25272;True
25274;True
25275;True
25277;True
25285;True
25286;True
253;True
25300;True
25309;True
25312;True
25318;True
25329;True
2533;True
25350;True
25356;True
25358;True
25361;True
2537;True
25370;True
25376;True
25377;True
25378;True
2539;True
25390;True
25400;True
25401;True
25406;True
25407;True
2541;True
25412;True
25414;True
25426;True
25435;True
25439;True
25446;True
25447;True
25460;True
25461;True
25462;True
25466;True
25467;True
25468;True
25473;True
25475;True
25485;True
25492;True
25494;True
25499;True
25505;True
25514;True
2552;True
25539;True
2554;True
25540;True
25550;True
25552;True
25559;True
25562;True
25568;True
25572;True
25581;True
25585;True
25590;True
25595;True
25596;True
25605;True
25610;True
2562;True
25621;True
25633;True
25635;True
25642;True
25647;True
25648;True
25673;True
25678;True
25680;True
25686;True
25688;True
25690;True
25692;True
25693;True
25694;True
25695;True
25698;True
25700;True
25704;True
25711;True
25715;True
25719;True
2572;True
25721;True
25725;True
2573;True
25734;True
25736;True
25740;True
25746;True
25755;True
25760;True
25767;True
2577;True
25770;True
25772;True
25775;True
25786;True
25788;True
25795;True
25796;True
25797;True
258;True
25805;True
25807;True
25808;True
25810;True
25811;True
25820;True
25822;True
25837;True
25850;True
25851;True
25866;True
25870;True
25881;True
25884;True
25885;True
25888;True
25897;True
25899;True
2590;True
25906;True
25910;True
25912;True
25919;True
2593;True
25930;True
2594;True
25947;True
25953;True
25957;True
25965;True
25970;True
25977;True
25983;True
25986;True
25988;True
25989;True
2599;True
25993;True
25995;True
26007;True
26008;True
26009;True
26010;True
26014;True
26020;True
26027;True
26028;True
26029;True
2603;True
26030;True
26036;True
2605;True
26052;True
26053;True
26063;True
2607;True
26078;True
26082;True
26086;True
26090;True
26096;True
26099;True
26107;True
26108;True
26114;True
26118;True
26119;True
2612;True
26120;True
26123;True
26125;True
26130;True
26136;True
26139;True
26145;True
26156;True
26158;True
26159;True
26164;True
26165;True
26171;True
26176;True
26188;True
26189;True
26191;True
26202;True
26205;True
26210;True
26212;True
26216;True
26218;True
2623;True
26244;True
26259;True
26266;True
26299;True
26304;True
26318;True
26323;True
26328;True
26347;True
26355;True
2636;True
26362;True
26385;True
26394;True
26395;True
26396;True
2640;True
26401;True
26402;True
26407;True
2641;True
26425;True
26427;True
26428;True
26429;True
26431;True
26437;True
26438;True
26439;True
26453;True
26455;True
2646;True
26471;True
26474;True
26485;True
26496;True
26516;True
26521;True
26526;True
26527;True
26542;True
26543;True
26545;True
26556;True
26569;True
26581;True
26582;True
26587;True
26592;True
26596;True
26598;True
26605;True
26614;True
26625;True
26626;True
26628;True
26636;True
26648;True
26652;True
26665;True
26671;True
26675;True
26693;True
26699;True
26700;True
26701;True
26702;True
26705;True
26706;True
26708;True
26725;True
26731;True
26734;True
26737;True
26755;True
26762;True
26769;True
26776;True
26788;True
26793;True
26796;True
26805;True
26810;True
26811;True
26812;True
26816;True
26819;True
26833;True
26861;True
26875;True
26879;True
26889;True
26891;True
26905;True
26913;True
26914;True
26916;True
26920;True
26922;True
26935;True
26936;True
26939;True
26945;True
26952;True
26960;True
26971;True
26974;True
26980;True
26985;True
26991;True
26992;True
26993;True
27;True
27001;True
27007;True
27011;True
27012;True
27023;True
27026;True
27028;True
27031;True
27046;True
27050;True
27058;True
27060;True
27072;True
27078;True
27080;True
27086;True
27087;True
27101;True
27103;True
27104;True
27106;True
27119;True
27120;True
27129;True
27133;True
27135;True
27141;True
27142;True
27143;True
27151;True
27152;True
27154;True
27158;True
27161;True
27162;True
27168;True
27170;True
27171;True
27179;True
27180;True
27182;True
27187;True
27194;True
27199;True
27203;True
27211;True
27220;True
27221;True
27245;True
27253;True
27259;True
27266;True
27268;True
27270;True
27289;True
27300;True
27307;True
27310;True
27317;True
27325;True
27337;True
27339;True
27343;True
27347;True
27354;True
27361;True
27370;True
27376;True
27378;True
27386;True
27388;True
27392;True
27393;True
27394;True
27397;True
274;True
27416;True
27428;True
27433;True
27436;True
27437;True
27449;True
27450;True
27453;True
27457;True
27462;True
27463;True
27466;True
27468;True
27469;True
2747;True
27470;True
27471;True
27485;True
27492;True
27495;True
27510;True
27519;True
27520;True
27521;True
27527;True
27528;True
27529;True
27532;True
27539;True
27545;True
27546;True
27568;True
27569;True
27571;True
27572;True
27582;True
27583;True
27589;True
27590;True
27593;True
27598;True
27612;True
27620;True
27627;True
27629;True
27633;True
27634;True
27635;True
27636;True
2764;True
27647;True
27652;True
2766;True
27663;True
27664;True
27673;True
27675;True
27678;True
27682;True
27683;True
27689;True
27690;True
27695;True
27698;True
27705;True
27706;True
27710;True
27718;True
27732;True
27741;True
27745;True
27747;True
27754;True
27756;True
27771;True
27773;True
2778;True
27788;True
27792;True
27796;True
27800;True
27802;True
27804;True
27805;True
27809;True
2781;True
27816;True
27819;True
27830;True
2785;True
27854;True
2786;True
27868;True
2787;True
27874;True
27875;True
27881;True
27887;True
2789;True
27900;True
27901;True
27903;True
27908;True
27909;True
27911;True
27922;True
27923;True
27930;True
27942;True
27947;True
27953;True
27964;True
27966;True
2797;True
27983;True
27989;True
2799;True
280;True
2800;True
28004;True
28011;True
28013;True
28021;True
28025;True
28029;True
28033;True
28038;True
28044;True
28045;True
28051;True
28053;True
28055;True
28056;True
28063;True
28066;True
28067;True
28068;True
28073;True
2808;True
28082;True
28083;True
28099;True
2811;True
28110;True
28119;True
28123;True
2813;True
28131;True
28133;True
28139;True
28140;True
28141;True
28143;True
2815;True
28158;True
28161;True
28168;True
28171;True
28178;True
28179;True
28184;True
28188;True
28198;True
2820;True
28200;True
28207;True
28210;True
28220;True
28223;True
28232;True
2824;True
28244;True
28246;True
2825;True
28251;True
28253;True
28257;True
28274;True
28276;True
28278;True
2828;True
28280;True
28285;True
28291;True
28292;True
28299;True
2830;True
28303;True
28305;True
28310;True
28311;True
28312;True
28317;True
28318;True
28319;True
28321;True
28335;True
28336;True
28338;True
2835;True
28354;True
28356;True
28363;True
28381;True
2839;True
28398;True
2840;True
2841;True
28414;True
28419;True
28420;True
2843;True
28434;True
28439;True
2846;True
28461;True
28471;True
2849;True
28496;True
28498;True
28503;True
28507;True
28522;True
28533;True
2854;True
28540;True
28542;True
28547;True
28557;True
28566;True
28585;True
28588;True
28601;True
28604;True
28605;True
28612;True
28616;True
2862;True
28625;True
2863;True
28632;True
28639;True
28646;True
28648;True
2865;True
28652;True
2868;True
28682;True
28684;True
28685;True
28701;True
28705;True
2871;True
28730;True
28736;True
28738;True
2874;True
2875;True
28751;True
28754;True
28764;True
28768;True
28773;True
28775;True
28776;True
28777;True
28786;True
28790;True
28800;True
28801;True
28811;True
28813;True
28820;True
28829;True
2883;True
28834;True
28836;True
28840;True
28850;True
28851;True
28852;True
28854;True
28862;True
28865;True
28871;True
28874;True
28884;True
28890;True
2890;True
28915;True
28929;True
28930;True
28934;True
28935;True
28937;True
28953;True
28955;True
28967;True
28970;True
28985;True
2899;True
28990;True
28993;True
29006;True
2902;True
29023;True
29029;True
29034;True
29035;True
29036;True
29042;True
29043;True
29044;True
29052;True
29058;True
2906;True
29072;True
29074;True
29082;True
29092;True
29095;True
29096;True
29098;True
2910;True
29102;True
29103;True
29104;True
29106;True
29126;True
29129;True
29133;True
29138;True
2916;True
29161;True
29165;True
29173;True
29176;True
29180;True
2919;True
29198;True
292;True
29204;True
29208;True
2921;True
29210;True
29215;True
29226;True
29231;True
29237;True
29243;True
29246;True
29266;True
29276;True
29279;True
2928;True
29283;True
29284;True
29296;True
29299;True
29307;True
29313;True
29314;True
29315;True
29318;True
2932;True
29321;True
29328;True
2933;True
29332;True
29333;True
29340;True
29341;True
29343;True
29349;True
29361;True
29366;True
29373;True
2938;True
29383;True
29388;True
2939;True
29394;True
29404;True
29411;True
29415;True
2942;True
29426;True
29427;True
29448;True
29452;True
29455;True
29467;True
29480;True
29488;True
29505;True
29507;True
29510;True
29520;True
29521;True
29522;True
29530;True
29535;True
29537;True
29543;True
29549;True
29551;True
29562;True
29579;True
29582;True
29594;True
29603;True
2961;True
2962;True
29624;True
29635;True
29637;True
29638;True
29640;True
29642;True
29647;True
29648;True
29651;True
29652;True
29656;True
29665;True
29666;True
29689;True
29695;True
29719;True
29733;True
29743;True
29768;True
29778;True
29789;True
29796;True
2980;True
29804;True
29818;True
29820;True
29822;True
29831;True
29832;True
29841;True
29849;True
29859;True
29861;True
29869;True
29876;True
29877;True
29883;True
29892;True
29894;True
29916;True
29928;True
29952;True
29956;True
29962;True
29966;True
29970;True
29977;True
29983;True
29996;True
29999;True
30001;True
30016;True
30023;True
30028;True
30031;True
30034;True
30042;True
30046;True
30048;True
30054;True
30055;True
30072;True
30075;True
30078;True
30083;True
30084;True
30085;True
30112;True
30113;True
30119;True
30120;True
30130;True
30131;True
30132;True
30134;True
30136;True
30146;True
30155;True
30156;True
30167;True
30168;True
30171;True
30175;True
30183;True
30185;True
3019;True
30193;True
30194;True
30200;True
30201;True
30203;True
30224;True
30233;True
30237;True
30238;True
30239;True
3025;True
30251;True
30258;True
3026;True
3028;True
30285;True
30286;True
30289;True
3029;True
30290;True
30291;True
30292;True
30311;True
3032;True
30320;True
30321;True
30326;True
30333;True
30335;True
30337;True
30355;True
30359;True
30362;True
30363;True
30365;True
3038;True
30382;True
30395;True
3040;True
30400;True
30413;True
3042;True
30425;True
30430;True
30436;True
3044;True
30446;True
30452;True
30454;True
3046;True
30466;True
30468;True
30470;True
30472;True
30475;True
30476;True
3048;True
30481;True
3049;True
30491;True
30508;True
30509;True
3051;True
30513;True
30516;True
30519;True
3053;True
30536;True
30541;True
30544;True
3055;True
30554;True
30565;True
30566;True
30567;True
30568;True
30575;True
30591;True
30598;True
3060;True
30603;True
30606;True
30609;True
3061;True
30612;True
30613;True
30617;True
30619;True
30628;True
30633;True
30637;True
30642;True
30645;True
30646;True
30656;True
30658;True
30662;True
3067;True
30680;True
30693;True
30707;True
30710;True
30713;True
30715;True
30718;True
30719;True
3072;True
30722;True
30732;True
3075;True
30760;True
30761;True
30767;True
30768;True
30773;True
30776;True
30802;True
30803;True
30815;True
30816;True
30820;True
30823;True
30842;True
30847;True
30849;True
3085;True
30856;True
30857;True
30860;True
30864;True
30865;True
30867;True
30871;True
30873;True
30874;True
30882;True
30887;True
30889;True
30890;True
30892;True
30899;True
309;True
3090;True
30900;True
30902;True
30903;True
30914;True
30917;True
30935;True
30945;True
30953;True
30957;True
30969;True
30970;True
30985;True
30990;True
31000;True
31001;True
31017;True
31020;True
31022;True
3103;True
31035;True
31036;True
31037;True
31042;True
31043;True
31051;True
31053;True
3107;True
31074;True
31075;True
31081;True
31082;True
31089;True
31100;True
31101;True
31106;True
31107;True
3111;True
31111;True
31118;True
31127;True
31128;True
31131;True
31136;True
31138;True
31139;True
31148;True
31156;True
31162;True
31176;True
31179;True
31184;True
31187;True
31192;True
31196;True
31205;True
31206;True
31209;True
31222;True
31225;True
31233;True
31243;True
31244;True
31246;True
31253;True
31256;True
31258;True
31264;True
31266;True
31272;True
31282;True
31287;True
31295;True
31303;True
31309;True
31316;True
31317;True
31319;True
31320;True
31323;True
31325;True
31329;True
31333;True
31340;True
31343;True
31346;True
31351;True
31354;True
31355;True
31359;True
31363;True
31368;True
3137;True
31380;True
31386;True
31400;True
31411;True
31413;True
31416;True
31417;True
31418;True
31422;True
31423;True
31424;True
31425;True
31427;True
3143;True
31431;True
31440;True
31441;True
31443;True
31444;True
31446;True
3145;True
31450;True
31451;True
3146;True
31463;True
31468;True
31469;True
31475;True
3148;True
315;True
3150;True
31500;True
31507;True
31516;True
31523;True
31524;True
3153;True
31538;True
31545;True
31546;True
31548;True
3155;True
31550;True
31551;True
31557;True
31566;True
3158;True
31580;True
31587;True
31591;True
31601;True
31606;True
31608;True
31609;True
3161;True
31615;True
31616;True
31618;True
31619;True
31620;True
31621;True
31622;True
31623;True
3164;True
31643;True
31647;True
3165;True
31653;True
31658;True
3166;True
31663;True
31668;True
31669;True
3167;True
31676;True
31680;True
31682;True
31683;True
31690;True
31695;True
31698;True
31699;True
31714;True
31716;True
31723;True
31724;True
31739;True
3174;True
31744;True
31750;True
31754;True
31758;True
31761;True
31767;True
31772;True
31787;True
31791;True
31793;True
318;True
3180;True
31801;True
31802;True
31805;True
31806;True
31822;True
3183;True
31834;True
31838;True
31839;True
31843;True
31861;True
31863;True
31864;True
31868;True
31888;True
31889;True
31890;True
31894;True
31895;True
31899;True
3190;True
31905;True
3192;True
31941;True
31944;True
31974;True
31981;True
31993;True
320;True
32014;True
32018;True
32032;True
32034;True
3204;True
32044;True
32046;True
32054;True
32058;True
32060;True
32064;True
32065;True
32066;True
32075;True
32081;True
32083;True
32084;True
32090;True
32095;True
32108;True
32109;True
3211;True
32114;True
32119;True
3212;True
32120;True
32122;True
32134;True
32139;True
3214;True
32143;True
32144;True
32150;True
32159;True
32160;True
32161;True
32163;True
32165;True
32168;True
32171;True
32189;True
32196;True
32199;True
32201;True
32205;True
32211;True
32226;True
32231;True
32236;True
32241;True
32248;True
32252;True
32253;True
32254;True
32257;True
32258;True
3226;True
32279;True
32284;True
32285;True
32286;True
32289;True
32290;True
32294;True
32295;True
32296;True
32303;True
32305;True
32310;True
32319;True
32322;True
32323;True
32329;True
32331;True
32335;True
32351;True
32354;True
32356;True
32359;True
32360;True
32368;True
32381;True
32383;True
32389;True
32392;True
32393;True
32399;True
32405;True
32413;True
32420;True
32426;True
32427;True
32434;True
32444;True
32446;True
32447;True
32449;True
32450;True
32454;True
32457;True
32458;True
32459;True
32462;True
32469;True
3247;True
32471;True
32480;True
32486;True
32492;True
32494;True
32498;True
32499;True
32502;True
32505;True
32509;True
32510;True
32511;True
32512;True
32514;True
32516;True
32519;True
32525;True
32526;True
32528;True
32529;True
32536;True
32542;True
32544;True
32545;True
32550;True
32552;True
32554;True
32555;True
32566;True
32568;True
32569;True
32571;True
32573;True
32595;True
32619;True
32632;True
32637;True
32645;True
32646;True
32652;True
32654;True
32660;True
32668;True
32670;True
32679;True
32684;True
32689;True
32691;True
32696;True
32699;True
32703;True
32705;True
32707;True
32711;True
32715;True
3273;True
32730;True
32732;True
32735;True
32739;True
3274;True
32741;True
32744;True
32745;True
32759;True
32766;True
32789;True
32796;True
328;True
3280;True
32808;True
3281;True
32819;True
3282;True
3283;True
32831;True
32832;True
32838;True
32839;True
32842;True
32848;True
32852;True
32854;True
32859;True
32863;True
32864;True
32869;True
32871;True
32880;True
32890;True
32893;True
32894;True
32897;True
3290;True
32905;True
32911;True
32919;True
32924;True
32927;True
3293;True
32933;True
32935;True
32947;True
3295;True
32951;True
32953;True
3296;True
32965;True
32969;True
32971;True
32980;True
32984;True
32994;True
32997;True
330;True
33009;True
33011;True
33016;True
33019;True
3302;True
33021;True
33022;True
33031;True
33034;True
33039;True
33040;True
33047;True
33055;True
33064;True
3307;True
33072;True
33077;True
33078;True
3308;True
33080;True
33081;True
33098;True
33105;True
33107;True
33108;True
33115;True
33118;True
33121;True
33124;True
33126;True
33128;True
33134;True
33136;True
33138;True
33145;True
33146;True
33148;True
33149;True
33169;True
3317;True
33177;True
33193;True
332;True
3320;True
33204;True
33208;True
33211;True
33212;True
33217;True
33218;True
33227;True
33229;True
3323;True
33234;True
33235;True
33242;True
33247;True
33251;True
33253;True
33260;True
33264;True
33265;True
33266;True
33271;True
33276;True
3328;True
33280;True
33284;True
33295;True
33296;True
33297;True
33303;True
33312;True
33319;True
33325;True
33332;True
33340;True
33344;True
33350;True
33353;True
33358;True
33371;True
33377;True
33385;True
33387;True
33392;True
33398;True
33413;True
33415;True
3342;True
33422;True
33429;True
33431;True
33432;True
33449;True
33455;True
33458;True
33471;True
33478;True
33484;True
33489;True
33494;True
33501;True
33502;True
33503;True
33508;True
33512;True
33516;True
33524;True
33539;True
3354;True
33548;True
3356;True
33566;True
33567;True
33570;True
33571;True
33585;True
33588;True
33594;True
33600;True
33607;True
33611;True
33658;True
33661;True
33670;True
33675;True
33676;True
33677;True
33679;True
33680;True
33681;True
33684;True
33688;True
33689;True
3369;True
33693;True
33694;True
33695;True
33698;True
33733;True
33736;True
33738;True
33741;True
33758;True
33765;True
3377;True
33772;True
33775;True
33779;True
33781;True
33795;True
33797;True
33798;True
33799;True
33804;True
33810;True
33815;True
3382;True
33821;True
33827;True
33856;True
3386;True
33873;True
33881;True
33887;True
33898;True
33903;True
33905;True
3391;True
33917;True
33919;True
33922;True
33931;True
33932;True
33933;True
33940;True
3395;True
33958;True
33960;True
33961;True
33971;True
33977;True
33982;True
33996;True
3402;True
34022;True
34024;True
34025;True
34036;True
34037;True
34041;True
34056;True
3406;True
34072;True
34073;True
34087;True
34088;True
34092;True
3410;True
34118;True
34124;True
34125;True
34143;True
34163;True
34169;True
3417;True
34178;True
34181;True
34192;True
34197;True
34198;True
34208;True
34211;True
3422;True
34221;True
34223;True
34232;True
3424;True
34242;True
34249;True
34251;True
34255;True
34266;True
3428;True
34289;True
3429;True
34297;True
34304;True
34306;True
34311;True
34334;True
34394;True
34395;True
34397;True
34406;True
34409;True
3441;True
34414;True
34416;True
34425;True
34428;True
34430;True
34438;True
34441;True
34447;True
34459;True
34461;True
34469;True
3448;True
34485;True
34488;True
34496;True
34506;True
34520;True
34544;True
34553;True
34560;True
34574;True
34585;True
34596;True
34598;True
34608;True
34611;True
34631;True
34650;True
34656;True
34658;True
34673;True
34697;True
34700;True
34703;True
3471;True
34713;True
34716;True
34723;True
34731;True
34734;True
34735;True
34742;True
34752;True
34755;True
34766;True
34772;True
34791;True
34806;True
34807;True
34810;True
34820;True
34824;True
34833;True
34837;True
3484;True
34842;True
34844;True
34846;True
34847;True
34849;True
34854;True
3486;True
34866;True
34867;True
34879;True
349;True
3493;True
34932;True
3494;True
34968;True
34992;True
3502;True
35039;True
35041;True
35042;True
3505;True
35054;True
35056;True
35072;True
35074;True
3510;True
35100;True
3513;True
3514;True
35140;True
35141;True
35148;True
35156;True
35159;True
35168;True
35175;True
35187;True
35207;True
35208;True
35225;True
35237;True
3524;True
35244;True
35252;True
3526;True
35270;True
35273;True
35277;True
35279;True
35280;True
35306;True
3531;True
35316;True
3532;True
35325;True
3533;True
35330;True
35381;True
35384;True
35391;True
35397;True
35408;True
35411;True
35428;True
3543;True
35441;True
35443;True
35453;True
35455;True
35470;True
35476;True
35485;True
3549;True
35492;True
35508;True
35515;True
35517;True
35518;True
35525;True
35529;True
35542;True
35543;True
35548;True
3556;True
35562;True
35574;True
35575;True
35578;True
35581;True
35592;True
35622;True
35630;True
35634;True
35639;True
35641;True
35657;True
35662;True
35670;True
35688;True
35729;True
35741;True
35749;True
35750;True
35757;True
35762;True
35766;True
35783;True
35786;True
35797;True
35800;True
35810;True
35825;True
35842;True
35848;True
35850;True
35854;True
3586;True
35862;True
3587;True
35876;True
3588;True
35882;True
35892;True
35897;True
35912;True
35927;True
35932;True
35934;True
35937;True
35940;True
35941;True
3595;True
35954;True
35955;True
35958;True
3596;True
35963;True
35969;True
35978;True
3598;True
35986;True
35991;True
35993;True
35994;True
35999;True
36015;True
36019;True
3602;True
36027;True
3603;True
36038;True
36039;True
36041;True
36051;True
36056;True
36057;True
36061;True
36062;True
36065;True
36074;True
36075;True
3608;True
36081;True
36083;True
36085;True
36099;True
36123;True
36124;True
36125;True
36127;True
36134;True
3614;True
36145;True
36148;True
36152;True
36157;True
36158;True
36160;True
36162;True
36166;True
3617;True
36170;True
36184;True
36190;True
36191;True
3620;True
36200;True
36202;True
36207;True
36208;True
36210;True
36212;True
36213;True
36214;True
36217;True
3622;True
36221;True
36225;True
36231;True
36233;True
36235;True
36240;True
36248;True
36249;True
3625;True
36255;True
36258;True
36260;True
36263;True
36266;True
36268;True
36273;True
3628;True
36280;True
36281;True
36289;True
36293;True
36294;True
3630;True
36312;True
36317;True
3633;True
36330;True
36335;True
3634;True
36345;True
36348;True
36355;True
36358;True
36364;True
36368;True
36374;True
36376;True
36381;True
36383;True
36390;True
36398;True
3640;True
36405;True
36411;True
36415;True
36417;True
36429;True
3643;True
36431;True
36432;True
36434;True
36440;True
36444;True
3645;True
36454;True
36469;True
36477;True
36481;True
36484;True
36485;True
36487;True
36488;True
36490;True
36492;True
36497;True
36498;True
36500;True
36508;True
3652;True
36524;True
36530;True
36536;True
36543;True
36544;True
36564;True
36576;True
36578;True
3658;True
36581;True
36587;True
3659;True
36590;True
36593;True
36602;True
36604;True
36608;True
3661;True
36611;True
36614;True
36620;True
36622;True
36626;True
36628;True
36630;True
36639;True
36648;True
36649;True
36650;True
36651;True
36653;True
36658;True
3667;True
36680;True
36683;True
36687;True
36691;True
367;True
3671;True
36711;True
36719;True
36729;True
3673;True
36731;True
36734;True
36739;True
36746;True
36747;True
36756;True
36771;True
36783;True
36786;True
36787;True
36794;True
36799;True
368;True
36801;True
36805;True
36817;True
36818;True
3682;True
36822;True
36827;True
36833;True
36834;True
36836;True
36837;True
36838;True
36840;True
36842;True
36847;True
36848;True
36850;True
36859;True
36866;True
36869;True
36874;True
36877;True
3688;True
36882;True
36883;True
36884;True
36888;True
36905;True
36908;True
36910;True
36913;True
36919;True
36928;True
36932;True
36935;True
36937;True
36940;True
36943;True
36944;True
36949;True
36955;True
36963;True
36969;True
36973;True
36974;True
36978;True
36983;True
36987;True
36991;True
37008;True
37009;True
37014;True
37016;True
37017;True
37019;True
3702;True
37020;True
37022;True
37038;True
37046;True
37048;True
37049;True
37051;True
37059;True
37061;True
37062;True
37073;True
37075;True
37076;True
37078;True
37081;True
37093;True
37098;True
37105;True
37106;True
37113;True
37118;True
37122;True
37123;True
3713;True
37132;True
37134;True
37137;True
37141;True
37142;True
37143;True
37145;True
37149;True
3715;True
37151;True
37153;True
37158;True
3716;True
37160;True
37165;True
37169;True
37170;True
37181;True
37186;True
37187;True
37192;True
37194;True
37195;True
37198;True
37203;True
37213;True
37223;True
37226;True
37234;True
37235;True
37240;True
37241;True
37246;True
37253;True
37256;True
3726;True
37263;True
37265;True
37268;True
37273;True
37277;True
37279;True
37281;True
37290;True
37298;True
37304;True
37305;True
37312;True
37320;True
3733;True
37355;True
37356;True
37365;True
37367;True
37370;True
37374;True
37377;True
37378;True
37383;True
37385;True
37388;True
37393;True
37394;True
37395;True
37406;True
37409;True
3741;True
37411;True
37415;True
37416;True
37418;True
3742;True
37420;True
37426;True
3743;True
37433;True
37435;True
37438;True
37439;True
37441;True
37444;True
37445;True
37446;True
37449;True
37455;True
37490;True
37493;True
37498;True
37500;True
37512;True
37513;True
37518;True
37521;True
37524;True
37539;True
3754;True
37541;True
37543;True
37544;True
37545;True
37546;True
37547;True
37549;True
3755;True
37552;True
37560;True
37565;True
3757;True
37571;True
37579;True
3758;True
3759;True
37590;True
3760;True
37605;True
37609;True
37613;True
37614;True
37623;True
37631;True
37646;True
37648;True
3765;True
37652;True
37657;True
3766;True
37680;True
37684;True
37693;True
37698;True
37701;True
3771;True
37712;True
37729;True
37735;True
3775;True
37757;True
37761;True
37765;True
37772;True
37782;True
37783;True
37786;True
37793;True
37794;True
37800;True
37803;True
3781;True
37810;True
37812;True
37822;True
37827;True
37829;True
37834;True
3785;True
3786;True
37860;True
37863;True
37864;True
37866;True
37867;True
37868;True
3787;True
37881;True
37883;True
37885;True
37887;True
37895;True
37899;True
37901;True
37903;True
37914;True
37921;True
37923;True
37924;True
37926;True
37928;True
37931;True
37943;True
37944;True
37949;True
3795;True
37950;True
37951;True
37956;True
37959;True
37962;True
37963;True
37967;True
3797;True
37976;True
37982;True
37983;True
37994;True
37996;True
37997;True
38;True
38001;True
38002;True
38009;True
38010;True
38016;True
38019;True
3802;True
38020;True
38027;True
38028;True
38029;True
38034;True
38038;True
38041;True
38043;True
38049;True
38054;True
38055;True
38060;True
38061;True
38063;True
38065;True
38066;True
38070;True
38082;True
38085;True
38086;True
38105;True
38110;True
3812;True
38124;True
38127;True
38131;True
38133;True
38141;True
38142;True
38152;True
38157;True
3816;True
38163;True
38171;True
38178;True
38180;True
38186;True
38187;True
38193;True
38196;True
38204;True
38206;True
38207;True
38211;True
38215;True
38234;True
38235;True
3824;True
38241;True
38243;True
38249;True
3825;True
38252;True
38254;True
38260;True
38262;True
38265;True
38266;True
38267;True
38281;True
3830;True
38301;True
38302;True
38303;True
38309;True
38310;True
38316;True
3832;True
38323;True
38334;True
3834;True
38341;True
38344;True
38347;True
3835;True
38357;True
38359;True
38360;True
38362;True
38363;True
38365;True
38372;True
38380;True
38382;True
38384;True
3839;True
38402;True
38410;True
38412;True
38414;True
38424;True
38438;True
3844;True
38446;True
38447;True
38458;True
38463;True
38465;True
38475;True
38491;True
38508;True
3851;True
38514;True
38538;True
38551;True
38557;True
38564;True
38571;True
38576;True
38585;True
38587;True
38588;True
3859;True
38591;True
38592;True
38602;True
38608;True
38611;True
38622;True
38624;True
38627;True
38629;True
38632;True
38638;True
3864;True
38642;True
38645;True
38646;True
38651;True
38654;True
38661;True
38667;True
38671;True
38672;True
38673;True
38674;True
38688;True
3869;True
38691;True
38692;True
38693;True
38694;True
38695;True
38697;True
38700;True
38704;True
38705;True
38709;True
38718;True
38721;True
38723;True
38727;True
38728;True
38730;True
38736;True
3874;True
38752;True
38756;True
3876;True
38761;True
38765;True
38768;True
38770;True
3878;True
38780;True
38782;True
38783;True
38784;True
38785;True
3879;True
38794;True
38795;True
38796;True
38798;True
38808;True
3881;True
38810;True
3882;True
38832;True
38836;True
38852;True
38855;True
38857;True
38859;True
3886;True
38864;True
38865;True
38868;True
3887;True
38873;True
38875;True
38878;True
38885;True
38888;True
38891;True
38899;True
38906;True
38907;True
38918;True
38919;True
38920;True
38927;True
3893;True
38931;True
38935;True
38943;True
38944;True
3895;True
38953;True
38964;True
38965;True
38966;True
38968;True
38970;True
38973;True
38975;True
38984;True
38985;True
38987;True
38988;True
38993;True
38996;True
38997;True
39;True
390;True
39000;True
39011;True
39021;True
39022;True
3903;True
39039;True
39044;True
39048;True
39049;True
3905;True
39062;True
39064;True
39065;True
39073;True
39077;True
39082;True
39084;True
39092;True
39094;True
39097;True
39098;True
39099;True
39100;True
39104;True
39109;True
3911;True
39114;True
39116;True
39117;True
39119;True
39124;True
39125;True
39126;True
3913;True
39131;True
39132;True
39133;True
39134;True
39138;True
39145;True
39148;True
39149;True
39157;True
39158;True
39159;True
39162;True
39163;True
39165;True
3917;True
39174;True
39176;True
39178;True
39179;True
39182;True
39186;True
3919;True
39190;True
39191;True
39197;True
39200;True
39203;True
39204;True
39206;True
39207;True
39208;True
3921;True
39213;True
39215;True
39217;True
39226;True
39227;True
39228;True
39232;True
39234;True
39236;True
39239;True
39242;True
39244;True
39249;True
39255;True
39256;True
39261;True
39262;True
39267;True
39270;True
39272;True
39275;True
39276;True
39277;True
39287;True
39295;True
39300;True
39301;True
39315;True
39317;True
39322;True
39325;True
39326;True
39328;True
3933;True
39333;True
39334;True
39335;True
39342;True
39344;True
39354;True
39360;True
39362;True
39365;True
39373;True
39381;True
39383;True
39385;True
39386;True
39393;True
3940;True
39408;True
39409;True
39411;True
39413;True
39415;True
39419;True
39421;True
39464;True
39469;True
39473;True
39475;True
39496;True
39498;True
39500;True
39504;True
39505;True
39516;True
39525;True
39528;True
39531;True
39532;True
39534;True
39535;True
39537;True
39546;True
39547;True
39548;True
3955;True
39555;True
39557;True
39561;True
39562;True
39563;True
3957;True
39571;True
39572;True
39578;True
39581;True
3959;True
39595;True
39608;True
3961;True
39612;True
3962;True
39620;True
39623;True
39629;True
39635;True
3964;True
39659;True
39669;True
39675;True
3968;True
39683;True
39691;True
39696;True
39717;True
39720;True
39734;True
39741;True
39749;True
39751;True
39757;True
39758;True
39760;True
39761;True
39774;True
39779;True
39781;True
39786;True
39804;True
39805;True
3981;True
39810;True
39812;True
39813;True
39815;True
39817;True
39819;True
39823;True
39824;True
39825;True
39828;True
39829;True
39831;True
39832;True
39833;True
39837;True
39840;True
39848;True
3985;True
3987;True
39873;True
39876;True
39879;True
39884;True
3989;True
39890;True
3990;True
39903;True
39905;True
39906;True
39911;True
39912;True
3993;True
39930;True
3994;True
39943;True
39945;True
39946;True
39947;True
39950;True
39953;True
39956;True
39961;True
39966;True
39972;True
39979;True
39982;True
39985;True
3999;True
39991;True
39994;True
39997;True
39998;True
40011;True
40012;True
40020;True
40021;True
40023;True
40026;True
40031;True
40034;True
40045;True
40052;True
40055;True
40062;True
40070;True
40072;True
40074;True
40075;True
40081;True
40083;True
40089;True
4009;True
40095;True
40112;True
40116;True
40117;True
40126;True
40128;True
40129;True
40135;True
40144;True
40145;True
40147;True
40149;True
40153;True
40154;True
40155;True
40156;True
40157;True
40160;True
40161;True
40162;True
40165;True
40167;True
40175;True
40176;True
40186;True
40188;True
40190;True
40197;True
40202;True
40209;True
40210;True
40218;True
40225;True
40232;True
40235;True
40238;True
40239;True
40242;True
40247;True
40250;True
40253;True
4026;True
403;True
40300;True
40301;True
40303;True
40305;True
40306;True
4031;True
40312;True
40316;True
40321;True
40331;True
40334;True
40347;True
4035;True
40352;True
40355;True
40356;True
40360;True
40370;True
40373;True
40375;True
40377;True
40379;True
40381;True
40383;True
40387;True
40390;True
40391;True
40393;True
40394;True
40395;True
40399;True
40400;True
40405;True
40408;True
4041;True
40417;True
40418;True
40428;True
40429;True
40443;True
40449;True
40453;True
40460;True
40463;True
40471;True
40477;True
40485;True
40494;True
40495;True
40507;True
40529;True
40537;True
40551;True
40556;True
40560;True
40574;True
40579;True
4059;True
40593;True
40598;True
40641;True
40643;True
40647;True
4065;True
40653;True
40654;True
40659;True
40679;True
40688;True
40690;True
40699;True
40714;True
40718;True
40719;True
40722;True
40724;True
40727;True
40728;True
40737;True
40743;True
40748;True
40750;True
40751;True
40752;True
40755;True
40769;True
4077;True
40775;True
40779;True
40785;True
4079;True
40799;True
40805;True
40806;True
40807;True
40810;True
40816;True
40819;True
4084;True
40840;True
40846;True
40847;True
40855;True
4087;True
40878;True
40894;True
40895;True
40909;True
40910;True
40914;True
40923;True
40924;True
40936;True
40939;True
40949;True
40950;True
40958;True
40960;True
40981;True
40988;True
40991;True
40993;True
40995;True
40997;True
40999;True
41002;True
41008;True
41022;True
41030;True
41033;True
41039;True
41041;True
41045;True
41048;True
4106;True
41065;True
41069;True
41076;True
41080;True
41082;True
41083;True
41087;True
4110;True
41106;True
41107;True
41119;True
41121;True
41123;True
41129;True
41133;True
41136;True
41139;True
41142;True
4115;True
41150;True
41151;True
41154;True
41159;True
41190;True
41191;True
41192;True
41194;True
41196;True
4120;True
41207;True
41219;True
41222;True
41223;True
41226;True
41228;True
41233;True
41235;True
41236;True
41250;True
41251;True
41252;True
41253;True
4126;True
41274;True
41286;True
41293;True
41296;True
41305;True
41308;True
41310;True
41312;True
41319;True
41321;True
41326;True
41328;True
41336;True
41337;True
41340;True
41342;True
41347;True
41354;True
41357;True
41358;True
4136;True
41360;True
41365;True
41366;True
41374;True
41376;True
41377;True
41379;True
41380;True
41391;True
41400;True
41404;True
4141;True
41421;True
41431;True
4144;True
41447;True
41453;True
41454;True
41468;True
41469;True
4147;True
41470;True
41486;True
41487;True
41494;True
41499;True
4150;True
41500;True
41501;True
41502;True
41504;True
41506;True
41514;True
41516;True
41523;True
41528;True
41530;True
41531;True
41535;True
41538;True
41539;True
41541;True
41543;True
4157;True
41574;True
41578;True
41579;True
41580;True
41581;True
41587;True
41597;True
41599;True
41601;True
41611;True
41621;True
41628;True
41648;True
41649;True
41651;True
41672;True
41673;True
41674;True
41678;True
41680;True
41682;True
41689;True
41693;True
41695;True
41698;True
4170;True
41703;True
41707;True
41708;True
41713;True
41716;True
41717;True
4172;True
41724;True
41738;True
41739;True
41741;True
41743;True
41746;True
41749;True
41751;True
41758;True
41761;True
41768;True
4177;True
41774;True
41778;True
4178;True
41782;True
41788;True
4179;True
41793;True
41801;True
41805;True
41808;True
41818;True
41826;True
41827;True
41830;True
41836;True
41837;True
41839;True
41841;True
41843;True
41845;True
41846;True
41855;True
41857;True
41861;True
41865;True
41869;True
4187;True
41873;True
41875;True
41886;True
41890;True
41891;True
41902;True
41903;True
41904;True
41908;True
41909;True
41916;True
41920;True
41921;True
41922;True
41925;True
41929;True
41931;True
41932;True
41933;True
41942;True
41943;True
41946;True
41959;True
41960;True
41964;True
41966;True
41970;True
41972;True
41973;True
4198;True
41987;True
41990;True
41992;True
41993;True
42000;True
42001;True
42004;True
42005;True
4201;True
42012;True
42025;True
42027;True
42032;True
42037;True
42038;True
42043;True
42050;True
42062;True
42064;True
42071;True
42073;True
42080;True
42082;True
42101;True
42102;True
42105;True
42110;True
42113;True
42115;True
4212;True
42123;True
42125;True
42128;True
42129;True
4213;True
42131;True
4214;True
42155;True
4216;True
42163;True
42169;True
42175;True
42176;True
42181;True
42183;True
42189;True
42193;True
42194;True
42195;True
42205;True
42209;True
42210;True
42212;True
42214;True
42218;True
42221;True
42224;True
42225;True
42229;True
4223;True
42232;True
4224;True
42246;True
42252;True
42254;True
42261;True
42279;True
4228;True
42281;True
42289;True
42294;True
42320;True
42329;True
4234;True
42346;True
42354;True
42360;True
4237;True
42396;True
42398;True
42412;True
42413;True
42419;True
42426;True
42428;True
4243;True
42432;True
42439;True
4244;True
42444;True
42446;True
4245;True
42454;True
42455;True
42461;True
4247;True
42476;True
42487;True
42488;True
42493;True
42494;True
42501;True
42502;True
42505;True
42507;True
42508;True
42522;True
42528;True
42535;True
42544;True
42549;True
42550;True
42552;True
42562;True
42563;True
42564;True
42567;True
42569;True
42576;True
42579;True
42582;True
42583;True
4259;True
42596;True
42607;True
42608;True
42610;True
42612;True
42625;True
42629;True
42638;True
42639;True
42645;True
42658;True
42664;True
42673;True
42674;True
42678;True
42685;True
42691;True
42693;True
42695;True
42704;True
42710;True
42713;True
42714;True
42715;True
42716;True
42731;True
42733;True
42735;True
42746;True
42748;True
42760;True
42761;True
42771;True
42772;True
42788;True
42792;True
42797;True
42799;True
4281;True
42820;True
42822;True
42823;True
42827;True
42829;True
42830;True
42834;True
42838;True
42845;True
42853;True
42856;True
42857;True
42861;True
42865;True
42868;True
42869;True
42871;True
42873;True
42875;True
42878;True
42882;True
42884;True
42889;True
42890;True
42893;True
42894;True
42895;True
42906;True
42908;True
42918;True
42919;True
42924;True
42925;True
42927;True
4294;True
42944;True
42955;True
42962;True
42965;True
42969;True
42976;True
42980;True
42981;True
42984;True
42985;True
42986;True
4299;True
42991;True
42995;True
43001;True
43006;True
43010;True
43014;True
43017;True
43025;True
43026;True
43032;True
43034;True
43036;True
43039;True
43047;True
43053;True
43054;True
43057;True
43064;True
43070;True
43071;True
43073;True
43088;True
43089;True
43090;True
43096;True
4310;True
43100;True
43102;True
43106;True
43108;True
43112;True
43115;True
43122;True
43126;True
43127;True
43129;True
43136;True
43140;True
43141;True
43142;True
43151;True
43156;True
43158;True
43163;True
43164;True
43165;True
4317;True
43174;True
43180;True
43183;True
43187;True
43190;True
43191;True
43202;True
43203;True
43209;True
43211;True
43214;True
43216;True
43217;True
4322;True
43220;True
43232;True
43245;True
43257;True
43259;True
43270;True
43275;True
43278;True
4329;True
4330;True
43300;True
43309;True
43313;True
43321;True
43324;True
43325;True
43331;True
43335;True
43337;True
43338;True
43339;True
43344;True
43347;True
43348;True
43353;True
43357;True
43358;True
43363;True
43367;True
43370;True
43390;True
43406;True
43408;True
43411;True
43413;True
43418;True
43424;True
43426;True
43428;True
43437;True
43447;True
43452;True
43453;True
43456;True
43464;True
43467;True
43469;True
43473;True
43483;True
43484;True
43487;True
43490;True
43492;True
43501;True
43504;True
43506;True
43507;True
43512;True
43515;True
43519;True
43522;True
43528;True
43540;True
43547;True
43552;True
43556;True
43560;True
43561;True
43563;True
43567;True
43575;True
43576;True
43582;True
43585;True
43587;True
43590;True
43593;True
43604;True
43605;True
43610;True
43612;True
43617;True
43619;True
43630;True
43631;True
43632;True
43634;True
43640;True
43650;True
43651;True
43652;True
43653;True
43655;True
43659;True
43662;True
43665;True
43666;True
43667;True
43671;True
43672;True
43674;True
43675;True
43682;True
43685;True
43686;True
43692;True
43696;True
43701;True
43702;True
43709;True
43725;True
43730;True
43732;True
43736;True
43748;True
43751;True
43753;True
43755;True
43763;True
43765;True
43766;True
43771;True
43779;True
43789;True
43794;True
43797;True
43804;True
43807;True
43813;True
43816;True
4382;True
43829;True
43833;True
43852;True
4386;True
43861;True
43862;True
43864;True
43866;True
43876;True
43878;True
43883;True
43892;True
43900;True
43907;True
43912;True
43914;True
43919;True
43923;True
43925;True
43936;True
43950;True
43952;True
4435;True
4440;True
4441;True
4445;True
4448;True
4450;True
4452;True
4453;True
446;True
4464;True
4466;True
4467;True
4484;True
4485;True
4495;True
4496;True
4498;True
45;True
4504;True
4509;True
4511;True
4516;True
4523;True
4529;True
4531;True
4532;True
4533;True
4534;True
4536;True
4537;True
4538;True
4541;True
4548;True
4553;True
4554;True
4555;True
4556;True
4573;True
4578;True
4579;True
4591;True
4595;True
4599;True
4601;True
4604;True
4613;True
4625;True
4632;True
4650;True
4654;True
4661;True
4666;True
4670;True
4677;True
4692;True
4703;True
4704;True
4708;True
4710;True
4711;True
4712;True
4719;True
4737;True
4741;True
4743;True
4746;True
4747;True
4748;True
4763;True
4770;True
4771;True
4772;True
4782;True
4786;True
4796;True
4797;True
48;True
480;True
4802;True
4803;True
4805;True
4812;True
4815;True
4818;True
4821;True
4825;True
4826;True
4835;True
4841;True
4844;True
4848;True
4849;True
4870;True
488;True
4885;True
4892;True
4895;True
4905;True
4914;True
4915;True
4925;True
4927;True
4935;True
4937;True
4939;True
4945;True
4950;True
4958;True
4960;True
4962;True
4967;True
4968;True
4970;True
4975;True
4981;True
4982;True
4996;True
5000;True
5003;True
5007;True
5015;True
5021;True
5029;True
5038;True
5044;True
5045;True
5048;True
5056;True
5068;True
5084;True
5091;True
5095;True
5099;True
5107;True
5108;True
5109;True
5112;True
5114;True
5118;True
5126;True
5131;True
5137;True
5138;True
5143;True
5145;True
5148;True
5150;True
5151;True
5155;True
5156;True
5162;True
5166;True
5168;True
5169;True
5174;True
5176;True
5180;True
5181;True
5182;True
5189;True
5197;True
5198;True
5217;True
5218;True
5228;True
5230;True
5231;True
5233;True
5236;True
5243;True
5246;True
5248;True
5250;True
5251;True
5256;True
5262;True
5268;True
5270;True
5275;True
5278;True
5289;True
529;True
5299;True
5301;True
5304;True
5311;True
5318;True
5323;True
5339;True
534;True
5341;True
5352;True
5355;True
5357;True
5358;True
5359;True
5361;True
5367;True
5375;True
5381;True
5382;True
5386;True
5396;True
5397;True
5398;True
5408;True
5409;True
5414;True
5415;True
5416;True
5420;True
5425;True
5429;True
5435;True
5437;True
5442;True
5447;True
5450;True
5462;True
5466;True
5473;True
5475;True
5478;True
5486;True
5488;True
5489;True
5490;True
5493;True
55;True
5503;True
5506;True
5507;True
5509;True
5511;True
5514;True
552;True
5521;True
5522;True
5544;True
5553;True
5555;True
5562;True
5566;True
5568;True
5571;True
5576;True
5583;True
5585;True
5588;True
5591;True
5592;True
5598;True
5607;True
5627;True
5629;True
5633;True
5634;True
5639;True
5640;True
5645;True
5650;True
5654;True
5658;True
5661;True
5663;True
5665;True
5666;True
5672;True
5679;True
5681;True
5685;True
5690;True
5692;True
5694;True
5695;True
570;True
5702;True
5705;True
5707;True
5708;True
5709;True
5716;True
5720;True
5725;True
5727;True
5732;True
5736;True
5745;True
5750;True
5757;True
5758;True
5763;True
5766;True
5768;True
5771;True
5775;True
5778;True
5785;True
5786;True
5788;True
5789;True
5795;True
5800;True
5809;True
5817;True
5827;True
5828;True
5831;True
5833;True
5835;True
5839;True
5861;True
5862;True
5866;True
5875;True
5878;True
5881;True
5887;True
590;True
5914;True
5917;True
5919;True
5921;True
5930;True
5936;True
5948;True
5953;True
5963;True
5966;True
5971;True
5977;True
5979;True
5980;True
5984;True
5993;True
5997;True
5998;True
6;True
6001;True
6003;True
6014;True
6023;True
6025;True
6032;True
6037;True
6038;True
6040;True
6042;True
6047;True
6060;True
6061;True
6070;True
6080;True
6103;True
6107;True
6124;True
6127;True
6128;True
6133;True
6134;True
6144;True
6145;True
6146;True
6147;True
6154;True
6158;True
6163;True
6165;True
6167;True
6171;True
6172;True
6174;True
6176;True
6190;True
6193;True
6194;True
6197;True
6202;True
6204;True
6209;True
6226;True
6229;True
6233;True
6244;True
6245;True
6250;True
6253;True
6256;True
6258;True
6261;True
6262;True
6268;True
6271;True
6276;True
6278;True
6282;True
6286;True
6293;True
6299;True
6302;True
6304;True
6306;True
6312;True
6313;True
6317;True
6331;True
6334;True
6336;True
6337;True
634;True
6341;True
6343;True
6347;True
6355;True
6361;True
6367;True
6368;True
637;True
6377;True
6379;True
6382;True
6383;True
6385;True
639;True
6391;True
6392;True
64;True
6403;True
6404;True
6405;True
6410;True
642;True
643;True
6430;True
6433;True
6435;True
6437;True
6442;True
6449;True
6453;True
6455;True
6459;True
646;True
6461;True
6462;True
6464;True
6465;True
6468;True
6469;True
647;True
6470;True
6481;True
6484;True
649;True
6493;True
6494;True
6496;True
6502;True
6511;True
6516;True
6525;True
6534;True
6541;True
6546;True
6547;True
6549;True
6551;True
6558;True
6565;True
6566;True
6578;True
6585;True
6587;True
6595;True
6605;True
6615;True
6617;True
6618;True
6626;True
6634;True
664;True
6642;True
6644;True
6647;True
6649;True
6652;True
6657;True
6659;True
666;True
6660;True
6665;True
6667;True
6671;True
6689;True
6693;True
6696;True
6700;True
6704;True
6705;True
6706;True
6708;True
6716;True
6719;True
6721;True
6724;True
6725;True
6726;True
6730;True
6738;True
6740;True
6750;True
6751;True
6754;True
6756;True
6757;True
6765;True
6767;True
6768;True
6771;True
6773;True
6776;True
6777;True
6779;True
6785;True
6791;True
6797;True
68;True
6803;True
6807;True
6819;True
6823;True
6831;True
6836;True
6856;True
6858;True
687;True
6870;True
6876;True
688;True
6885;True
69;True
6923;True
6924;True
6926;True
6929;True
6933;True
6938;True
6940;True
6941;True
6943;True
6951;True
6952;True
6962;True
6965;True
697;True
6971;True
6977;True
698;True
699;True
6993;True
6994;True
7006;True
7020;True
7022;True
7026;True
7027;True
703;True
7030;True
7032;True
7033;True
7034;True
7046;True
7048;True
7051;True
7058;True
706;True
7063;True
7065;True
7066;True
7070;True
7079;True
7084;True
7085;True
7091;True
71;True
711;True
7112;True
7116;True
7119;True
7125;True
7129;True
7132;True
7135;True
7136;True
7139;True
7141;True
7143;True
7145;True
7150;True
7151;True
7158;True
7160;True
7162;True
7163;True
7164;True
7165;True
7175;True
7188;True
7197;True
7201;True
7203;True
7204;True
7205;True
7206;True
7215;True
7226;True
7227;True
723;True
7230;True
7234;True
7235;True
7236;True
7239;True
7242;True
7245;True
7252;True
726;True
7264;True
7273;True
7280;True
7283;True
7288;True
7290;True
7291;True
7292;True
7294;True
7297;True
7298;True
730;True
7304;True
7306;True
7323;True
7327;True
7333;True
7334;True
7336;True
7338;True
7340;True
7341;True
7348;True
7349;True
7351;True
7352;True
7355;True
7357;True
7359;True
7373;True
7381;True
7387;True
7390;True
7391;True
7392;True
7393;True
7408;True
7413;True
7414;True
7415;True
7416;True
7420;True
7421;True
7436;True
7439;True
7440;True
7445;True
7446;True
7450;True
7452;True
7454;True
7457;True
7461;True
7466;True
7469;True
747;True
7474;True
7476;True
748;True
7485;True
7489;True
7490;True
7491;True
7501;True
7505;True
7508;True
7511;True
7517;True
7527;True
7528;True
7533;True
7534;True
7535;True
7539;True
754;True
755;True
7553;True
7559;True
7560;True
7567;True
757;True
7570;True
7572;True
7583;True
7586;True
7588;True
7589;True
7591;True
7593;True
7594;True
7599;True
7600;True
7606;True
7610;True
7611;True
7620;True
7622;True
7623;True
7624;True
7626;True
7628;True
7630;True
7631;True
7633;True
7636;True
7639;True
7641;True
7642;True
7645;True
7648;True
7655;True
7657;True
7663;True
7665;True
7667;True
7669;True
7672;True
7674;True
7678;True
7680;True
7681;True
7682;True
7691;True
7694;True
7695;True
7696;True
7704;True
7705;True
7711;True
7713;True
7714;True
7715;True
7717;True
7719;True
7720;True
7727;True
7734;True
7735;True
7737;True
7741;True
7743;True
775;True
7754;True
7757;True
7764;True
7765;True
7767;True
7768;True
7769;True
777;True
7771;True
7772;True
7786;True
7793;True
7797;True
7800;True
7804;True
7806;True
7813;True
7815;True
7818;True
7825;True
7829;True
7832;True
7834;True
7837;True
7839;True
7840;True
7841;True
7843;True
7848;True
7855;True
7856;True
7857;True
787;True
7873;True
7877;True
7878;True
7885;True
7888;True
7890;True
7894;True
791;True
7910;True
7912;True
7913;True
7916;True
7917;True
7919;True
7920;True
7921;True
7923;True
7928;True
7930;True
7931;True
7932;True
7934;True
7935;True
7937;True
7938;True
7944;True
7952;True
7953;True
7956;True
7968;True
7969;True
7977;True
7979;True
7983;True
7984;True
7987;True
7991;True
7997;True
8006;True
8010;True
8012;True
8015;True
8018;True
802;True
8023;True
8026;True
8027;True
8028;True
8029;True
803;True
8051;True
8052;True
8055;True
8057;True
8058;True
8064;True
8067;True
8068;True
8074;True
8079;True
8081;True
8083;True
8085;True
8086;True
8087;True
8089;True
8093;True
8095;True
8098;True
810;True
8103;True
8105;True
8106;True
8113;True
8115;True
8128;True
813;True
8132;True
8133;True
8135;True
814;True
8142;True
8145;True
8148;True
8150;True
8153;True
8156;True
8159;True
8166;True
817;True
8172;True
8176;True
8180;True
8181;True
8183;True
8187;True
819;True
8191;True
8192;True
8194;True
8199;True
8201;True
8210;True
8211;True
8213;True
8217;True
8218;True
8223;True
8226;True
8232;True
8235;True
8245;True
825;True
8258;True
826;True
8262;True
8263;True
8269;True
8270;True
8271;True
8272;True
8273;True
8286;True
8288;True
8292;True
8293;True
8294;True
83;True
8305;True
8307;True
8310;True
8311;True
8315;True
8320;True
8321;True
8325;True
8329;True
833;True
8331;True
8343;True
8351;True
8356;True
8358;True
836;True
8363;True
8366;True
8370;True
8373;True
8375;True
8376;True
8377;True
8381;True
8387;True
8389;True
8390;True
8391;True
8394;True
8396;True
8399;True
8414;True
8416;True
842;True
8424;True
8425;True
8427;True
843;True
8432;True
8433;True
8435;True
8445;True
845;True
8462;True
8467;True
8469;True
8479;True
848;True
8480;True
8485;True
849;True
8490;True
8497;True
850;True
8501;True
8502;True
8506;True
8508;True
8512;True
8516;True
8519;True
8532;True
8535;True
8541;True
8551;True
8553;True
8555;True
8556;True
856;True
8570;True
8571;True
8582;True
8588;True
8590;True
8591;True
8621;True
8623;True
8631;True
8633;True
8639;True
8644;True
865;True
8651;True
8654;True
8656;True
8689;True
8690;True
8693;True
8696;True
8698;True
8709;True
8723;True
8725;True
8731;True
8740;True
8759;True
8760;True
8770;True
8779;True
878;True
8786;True
8787;True
8800;True
8802;True
8804;True
8848;True
8862;True
8867;True
8868;True
8870;True
8905;True
8906;True
8939;True
895;True
8975;True
8978;True
8979;True
898;True
8981;True
8982;True
8987;True
899;True
8993;True
8997;True
8998;True
9002;True
9027;True
9029;True
9037;True
904;True
9040;True
9048;True
9057;True
9062;True
9063;True
9074;True
908;True
9086;True
9088;True
9092;True
9094;True
910;True
9102;True
9103;True
9104;True
9105;True
9110;True
9118;True
9119;True
9120;True
9125;True
9127;True
9149;True
9155;True
9163;True
9166;True
9171;True
9173;True
9174;True
9179;True
9190;True
9232;True
9242;True
9250;True
9254;True
9259;True
926;True
9261;True
9264;True
9266;True
9268;True
9284;True
9293;True
9295;True
9296;True
9302;True
9303;True
9305;True
9310;True
9311;True
9324;True
934;True
9346;True
9352;True
9359;True
9361;True
9364;True
9378;True
9380;True
9406;True
9419;True
9420;True
9422;True
9424;True
9426;True
9434;True
9442;True
9447;True
9452;True
9455;True
9456;True
9457;True
9463;True
9467;True
9471;True
9473;True
9475;True
9482;True
9483;True
9486;True
9487;True
9495;True
9497;True
95;True
9505;True
9507;True
9513;True
9521;True
9526;True
9527;True
9530;True
9534;True
9547;True
9548;True
9550;True
9553;True
9563;True
9574;True
9580;True
9581;True
9583;True
959;True
9594;True
9595;True
9597;True
9609;True
9620;True
9622;True
9623;True
9626;True
9627;True
9629;True
9638;True
9640;True
9643;True
9644;True
9646;True
9653;True
9654;True
9666;True
9667;True
9669;True
9675;True
9681;True
9686;True
9687;True
9688;True
9691;True
9692;True
9693;True
9695;True
9696;True
9706;True
9708;True
9711;True
9714;True
9715;True
9725;True
9731;True
9745;True
9748;True
9753;True
9754;True
9759;True
9763;True
9778;True
9781;True
9794;True
9797;True
98;True
9803;True
9812;True
9816;True
9822;True
9824;True
9828;True
9831;True
9848;True
9863;True
9865;True
9872;True
9873;True
9899;True
99;True
990;True
9908;True
9911;True
9912;True
9913;True
9916;True
9919;True
9929;True
9933;True
9938;True
9952;True
9958;True
996;True
9967;True
9969;True
9983;True
9985;True
9987;True
9996;True
9997;True
